image,d_L_before,d_a_before,d_b_before,d_L_after,d_a_after,d_b_after
DSC00592.JPG,-0.621586709446011,0.37152473567921823,0.16708269531982073,-0.7420359435614906,0.35194794312037353,0.16942931365037814
DSC00598.JPG,-1.0091609952504224,0.4935697095912266,0.18255714695055944,-0.9387606902181307,0.47549135791720587,0.19725934391620786
DSC00606.JPG,-0.21627493313354867,0.7710897863714464,1.8136404577426202,-0.13139890729378187,0.7612651879532722,1.8049249234975266
DSC00610.JPG,0.5142839573590049,-0.5870979595206671,2.0464412588315675,0.684866544837124,-0.5893239530593791,2.042302898431119
DSC00721.JPG,-0.9228044957004936,0.20212597520158088,0.7196912631363979,-0.81363954748468,0.19493882705156826,0.7212536700418887
DSC00733.JPG,-1.0141951131863403,0.9501402451313863,1.6003806390063988,-0.988609093261279,0.9403457560726607,1.6048573667569157
DSC00752.JPG,-0.7004826064333178,0.20613612360964345,1.940780998892124,-0.6332741420793051,0.2019460419350673,1.9430257918317437
DSC00772.JPG,-2.0160213986728905,1.4342348061055292,1.537675648489821,-2.3976359510039744,1.4086444272985992,1.5475869531175512
DSC00827.JPG,-1.0636756355227377,0.5655089667077873,1.8265260431536032,-0.9716906931811817,0.5563405391165538,1.8340457059516857
DSC00958.JPG,-2.566704363858339,2.4099372484097996,2.084202318722403,-2.0697825364065516,2.3807292331420444,2.089013554514091
DSC01002.JPG,-2.489047434089029,2.629622025896371,1.9874346679818555,-2.154329905759046,2.621078821701964,1.9568094355752708
DSC01012.JPG,-1.3329705879647424,1.0498954992140925,1.0394398730933638,-1.2032032819704945,1.0413247862475534,1.0481087589197067
DSC01029.JPG,-1.6838661303337072,1.554184157069957,1.2584727383984842,-1.4846996019228536,1.5428003350471202,1.2607959357277192
DSC01069.JPG,-0.6165652876855577,0.4466197114232544,0.8177744403325738,-0.846708554325008,0.440402427896022,0.8180235880198555
DSC01138.JPG,-2.1006343518034067,2.091818008147052,2.4776513420064195,-2.6498876119748975,2.073376697922327,2.504753817531052
DSC01458.JPG,-2.0200572560525734,1.8663445871789595,2.567825649334328,-2.492755770951023,1.8569011935384396,2.5631319042287815
DSC01722.JPG,-0.5125914089400019,-0.3783085620748623,1.3042203955872644,-0.547009301965528,-0.37943618190232276,1.3032818757397797
DSC01812.JPG,0.1527267391785851,-0.3688353926500335,0.7168589832865045,0.3152923374593211,-0.3623931417674538,0.7149289858934645
DSC01844.JPG,-0.009395608459589234,-0.5175130937768826,1.6722861496200825,0.1860386841691448,-0.5157632566513621,1.6733505399361224
DSC01903.JPG,-0.18461354074572192,0.05198815135216839,1.3165743965177896,-0.10478873348814151,0.060026177261743224,1.3138748518668988
DSC01928.JPG,-0.06028694059894607,0.0787321341167905,1.1201780964203982,0.1466136399236061,0.08904852580468206,1.1000187041292893
DSC02011.JPG,-1.0161254610079367,1.9702307424616148,1.257266121899582,-1.2801257039596023,1.9629799452416816,1.2594463488660004
DSC02060.JPG,-0.5490879228775353,1.3883882887215298,1.5969979524691813,-0.9228816921096814,1.3683150120157948,1.6590315221102068
DSC02161.JPG,-0.8251998907802892,1.7752626955647584,0.9461736717258505,-1.086328952173908,1.7650280055980478,0.9466727285570501
DSC02353.JPG,-2.094521065046351,1.9717891646625596,1.9980794515940874,-2.635457070177889,1.9561713937300234,2.0026543752687136
