image,split
DSC00541.JPG,train
DSC00543.JPG,train
DSC00547.JPG,train
DSC00548.JPG,train
DSC00551.JPG,train
DSC00557.JPG,train
DSC00565.JPG,train
DSC00567.JPG,train
DSC00570.JPG,train
DSC00576.JPG,train
DSC00579.JPG,train
DSC00582.JPG,train
DSC00583.JPG,train
DSC00584.JPG,train
DSC00586.JPG,train
DSC00592.JPG,train
DSC00596.JPG,train
DSC00598.JPG,train
DSC00604.JPG,train
DSC00606.JPG,train
DSC00608.JPG,train
DSC00610.JPG,train
DSC00613.JPG,train
DSC00615.JPG,train
DSC00618.JPG,train
DSC00620.JPG,train
DSC00625.JPG,train
DSC00631.JPG,train
DSC00635.JPG,train
DSC00637.JPG,train
DSC00639.JPG,train
DSC00643.JPG,train
DSC00645.JPG,train
DSC00647.JPG,train
DSC00649.JPG,train
DSC00651.JPG,train
DSC00653.JPG,train
DSC00658.JPG,train
DSC00662.JPG,train
DSC00664.JPG,train
DSC00666.JPG,train
DSC00668.JPG,train
DSC00674.JPG,train
DSC00676.JPG,train
DSC00677.JPG,train
DSC00678.JPG,train
DSC00680.JPG,train
DSC00682.JPG,train
DSC00686.JPG,train
DSC00688.JPG,train
DSC00690.JPG,train
DSC00694.JPG,train
DSC00696.JPG,train
DSC00702.JPG,train
DSC00704.JPG,train
DSC00706.JPG,train
DSC00708.JPG,train
DSC00710.JPG,train
DSC00712.JPG,train
DSC00714.JPG,train
DSC00718.JPG,train
DSC00721.JPG,train
DSC00723.JPG,train
DSC00725.JPG,train
DSC00729.JPG,train
DSC00731.JPG,train
DSC00733.JPG,train
DSC00735.JPG,train
DSC00738.JPG,train
DSC00740.JPG,train
DSC00742.JPG,train
DSC00744.JPG,train
DSC00748.JPG,train
DSC00750.JPG,train
DSC00752.JPG,train
DSC00758.JPG,train
DSC00760.JPG,train
DSC00762.JPG,train
DSC00764.JPG,train
DSC00766.JPG,train
DSC00768.JPG,train
DSC00770.JPG,train
DSC00772.JPG,train
DSC00776.JPG,train
DSC00778.JPG,train
DSC00784.JPG,train
DSC00786.JPG,train
DSC00788.JPG,train
DSC00790.JPG,train
DSC00793.JPG,train
DSC00795.JPG,train
DSC00797.JPG,train
DSC00799.JPG,train
DSC00801.JPG,train
DSC00803.JPG,train
DSC00805.JPG,train
DSC00809.JPG,train
DSC00811.JPG,train
DSC00813.JPG,train
DSC00815.JPG,train
DSC00817.JPG,train
DSC00821.JPG,train
DSC00825.JPG,train
DSC00827.JPG,train
DSC00831.JPG,train
DSC00833.JPG,train
DSC00835.JPG,train
DSC00849.JPG,train
DSC00853.JPG,train
DSC00855.JPG,train
DSC00859.JPG,train
DSC00863.JPG,train
DSC00867.JPG,train
DSC00868.JPG,train
DSC00870.JPG,train
DSC00873.JPG,train
DSC00877.JPG,train
DSC00879.JPG,train
DSC00881.JPG,train
DSC00883.JPG,train
DSC00885.JPG,train
DSC00887.JPG,train
DSC00889.JPG,train
DSC00895.JPG,train
DSC00899.JPG,train
DSC00901.JPG,train
DSC00905.JPG,train
DSC00907.JPG,train
DSC00911.JPG,train
DSC00913.JPG,train
DSC00915.JPG,train
DSC00917.JPG,train
DSC00921.JPG,train
DSC00925.JPG,train
DSC00927.JPG,train
DSC00937.JPG,train
DSC00939.JPG,train
DSC00941.JPG,train
DSC00943.JPG,train
DSC00948.JPG,train
DSC00956.JPG,train
DSC00958.JPG,train
DSC00960.JPG,train
DSC00961.JPG,train
DSC00964.JPG,train
DSC00970.JPG,train
DSC00974.JPG,train
DSC00976.JPG,train
DSC00982.JPG,train
DSC00988.JPG,train
DSC00990.JPG,train
DSC00992.JPG,train
DSC00994.JPG,train
DSC00996.JPG,train
DSC01000.JPG,train
DSC01002.JPG,train
DSC01004.JPG,train
DSC01006.JPG,train
DSC01008.JPG,train
DSC01012.JPG,train
DSC01014.JPG,train
DSC01016.JPG,train
DSC01019.JPG,train
DSC01021.JPG,train
DSC01023.JPG,train
DSC01025.JPG,train
DSC01027.JPG,train
DSC01029.JPG,train
DSC01031.JPG,train
DSC01033.JPG,train
DSC01043.JPG,train
DSC01047.JPG,train
DSC01050.JPG,train
DSC01063.JPG,train
DSC01066.JPG,train
DSC01067.JPG,train
DSC01069.JPG,train
DSC01082.JPG,train
DSC01084.JPG,train
DSC01092.JPG,train
DSC01094.JPG,train
DSC01096.JPG,train
DSC01098.JPG,train
DSC01101.JPG,train
DSC01107.JPG,train
DSC01109.JPG,train
DSC01116.JPG,train
DSC01117.JPG,train
DSC01118.JPG,train
DSC01119.JPG,train
DSC01121.JPG,train
DSC01123.JPG,train
DSC01127.JPG,train
DSC01129.JPG,train
DSC01130.JPG,train
DSC01134.JPG,train
DSC01136.JPG,train
DSC01138.JPG,train
DSC01140.JPG,train
DSC01142.JPG,train
DSC01144.JPG,train
DSC01146.JPG,train
DSC01148.JPG,train
DSC01150.JPG,train
DSC01151.JPG,train
DSC01153.JPG,train
DSC01155.JPG,train
DSC01157.JPG,train
DSC01161.JPG,train
DSC01167.JPG,train
DSC01172.JPG,train
DSC01174.JPG,train
DSC01182.JPG,train
DSC01190.JPG,train
DSC01192.JPG,train
DSC01194.JPG,train
DSC01206.JPG,train
DSC01210.JPG,train
DSC01212.JPG,train
DSC01220.JPG,train
DSC01222.JPG,train
DSC01228.JPG,train
DSC01230.JPG,train
DSC01232.JPG,train
DSC01236.JPG,train
DSC01238.JPG,train
DSC01240.JPG,train
DSC01242.JPG,train
DSC01244.JPG,train
DSC01246.JPG,train
DSC01252.JPG,train
DSC01253.JPG,train
DSC01255.JPG,train
DSC01257.JPG,train
DSC01259.JPG,train
DSC01261.JPG,train
DSC01265.JPG,train
DSC01267.JPG,train
DSC01269.JPG,train
DSC01271.JPG,train
DSC01273.JPG,train
DSC01275.JPG,train
DSC01277.JPG,train
DSC01279.JPG,train
DSC01281.JPG,train
DSC01283.JPG,train
DSC01285.JPG,train
DSC01289.JPG,train
DSC01291.JPG,train
DSC01293.JPG,train
DSC01295.JPG,train
DSC01298.JPG,train
DSC01306.JPG,train
DSC01312.JPG,train
DSC01314.JPG,train
DSC01318.JPG,train
DSC01320.JPG,train
DSC01324.JPG,train
DSC01326.JPG,train
DSC01327.JPG,train
DSC01329.JPG,train
DSC01333.JPG,train
DSC01335.JPG,train
DSC01337.JPG,train
DSC01339.JPG,train
DSC01341.JPG,train
DSC01343.JPG,train
DSC01344.JPG,train
DSC01346.JPG,train
DSC01350.JPG,train
DSC01352.JPG,train
DSC01356.JPG,train
DSC01360.JPG,train
DSC01362.JPG,train
DSC01366.JPG,train
DSC01368.JPG,train
DSC01370.JPG,train
DSC01372.JPG,train
DSC01374.JPG,train
DSC01376.JPG,train
DSC01380.JPG,train
DSC01382.JPG,train
DSC01384.JPG,train
DSC01389.JPG,train
DSC01393.JPG,train
DSC01396.JPG,train
DSC01400.JPG,train
DSC01402.JPG,train
DSC01404.JPG,train
DSC01406.JPG,train
DSC01408.JPG,train
DSC01409.JPG,train
DSC01411.JPG,train
DSC01412.JPG,train
DSC01414.JPG,train
DSC01418.JPG,train
DSC01426.JPG,train
DSC01430.JPG,train
DSC01440.JPG,train
DSC01443.JPG,train
DSC01444.JPG,train
DSC01446.JPG,train
DSC01450.JPG,train
DSC01458.JPG,train
DSC01460.JPG,train
DSC01530.JPG,train
DSC01538.JPG,train
DSC01542.JPG,train
DSC01548.JPG,train
DSC01555.JPG,train
DSC01557.JPG,train
DSC01561.JPG,train
DSC01565.JPG,train
DSC01567.JPG,train
DSC01571.JPG,train
DSC01573.JPG,train
DSC01575.JPG,train
DSC01579.JPG,train
DSC01585.JPG,train
DSC01589.JPG,train
DSC01591.JPG,train
DSC01604.JPG,train
DSC01606.JPG,train
DSC01608.JPG,train
DSC01612.JPG,train
DSC01616.JPG,train
DSC01621.JPG,train
DSC01624.JPG,train
DSC01626.JPG,train
DSC01627.JPG,train
DSC01629.JPG,train
DSC01631.JPG,train
DSC01633.JPG,train
DSC01635.JPG,train
DSC01639.JPG,train
DSC01643.JPG,train
DSC01645.JPG,train
DSC01647.JPG,train
DSC01656.JPG,train
DSC01658.JPG,train
DSC01660.JPG,train
DSC01664.JPG,train
DSC01666.JPG,train
DSC01670.JPG,train
DSC01672.JPG,train
DSC01678.JPG,train
DSC01680.JPG,train
DSC01682.JPG,train
DSC01684.JPG,train
DSC01686.JPG,train
DSC01688.JPG,train
DSC01694.JPG,train
DSC01696.JPG,train
DSC01698.JPG,train
DSC01700.JPG,train
DSC01702.JPG,train
DSC01708.JPG,train
DSC01710.JPG,train
DSC01712.JPG,train
DSC01716.JPG,train
DSC01720.JPG,train
DSC01722.JPG,train
DSC01726.JPG,train
DSC01730.JPG,train
DSC01733.JPG,train
DSC01735.JPG,train
DSC01739.JPG,train
DSC01741.JPG,train
DSC01743.JPG,train
DSC01754.JPG,train
DSC01761.JPG,train
DSC01765.JPG,train
DSC01771.JPG,train
DSC01774.JPG,train
DSC01776.JPG,train
DSC01778.JPG,train
DSC01780.JPG,train
DSC01782.JPG,train
DSC01786.JPG,train
DSC01788.JPG,train
DSC01793.JPG,train
DSC01795.JPG,train
DSC01797.JPG,train
DSC01799.JPG,train
DSC01801.JPG,train
DSC01803.JPG,train
DSC01806.JPG,train
DSC01808.JPG,train
DSC01810.JPG,train
DSC01812.JPG,train
DSC01814.JPG,train
DSC01816.JPG,train
DSC01818.JPG,train
DSC01820.JPG,train
DSC01822.JPG,train
DSC01826.JPG,train
DSC01828.JPG,train
DSC01832.JPG,train
DSC01836.JPG,train
DSC01838.JPG,train
DSC01840.JPG,train
DSC01844.JPG,train
DSC01848.JPG,train
DSC01850.JPG,train
DSC01854.JPG,train
DSC01856.JPG,train
DSC01858.JPG,train
DSC01860.JPG,train
DSC01864.JPG,train
DSC01866.JPG,train
DSC01870.JPG,train
DSC01872.JPG,train
DSC01876.JPG,train
DSC01878.JPG,train
DSC01882.JPG,train
DSC01886.JPG,train
DSC01888.JPG,train
DSC01889.JPG,train
DSC01891.JPG,train
DSC01893.JPG,train
DSC01895.JPG,train
DSC01899.JPG,train
DSC01901.JPG,train
DSC01903.JPG,train
DSC01905.JPG,train
DSC01907.JPG,train
DSC01911.JPG,train
DSC01915.JPG,train
DSC01917.JPG,train
DSC01921.JPG,train
DSC01925.JPG,train
DSC01928.JPG,train
DSC01932.JPG,train
DSC01934.JPG,train
DSC01938.JPG,train
DSC01940.JPG,train
DSC01942.JPG,train
DSC01944.JPG,train
DSC01946.JPG,train
DSC01948.JPG,train
DSC01950.JPG,train
DSC01954.JPG,train
DSC01955.JPG,train
DSC01961.JPG,train
DSC01963.JPG,train
DSC01965.JPG,train
DSC01973.JPG,train
DSC01975.JPG,train
DSC01977.JPG,train
DSC01979.JPG,train
DSC01981.JPG,train
DSC01983.JPG,train
DSC01989.JPG,train
DSC01991.JPG,train
DSC01993.JPG,train
DSC01996.JPG,train
DSC01999.JPG,train
DSC02001.JPG,train
DSC02011.JPG,train
DSC02029.JPG,train
DSC02039.JPG,train
DSC02041.JPG,train
DSC02042.JPG,train
DSC02050.JPG,train
DSC02052.JPG,train
DSC02054.JPG,train
DSC02060.JPG,train
DSC02066.JPG,train
DSC02070.JPG,train
DSC02072.JPG,train
DSC02074.JPG,train
DSC02080.JPG,train
DSC02090.JPG,train
DSC02092.JPG,train
DSC02102.JPG,train
DSC02108.JPG,train
DSC02122.JPG,train
DSC02137.JPG,train
DSC02139.JPG,train
DSC02143.JPG,train
DSC02145.JPG,train
DSC02147.JPG,train
DSC02151.JPG,train
DSC02157.JPG,train
DSC02161.JPG,train
DSC02162.JPG,train
DSC02164.JPG,train
DSC02166.JPG,train
DSC02168.JPG,train
DSC02170.JPG,train
DSC02172.JPG,train
DSC02178.JPG,train
DSC02182.JPG,train
DSC02184.JPG,train
DSC02241.JPG,train
DSC02243.JPG,train
DSC02247.JPG,train
DSC02249.JPG,train
DSC02253.JPG,train
DSC02265.JPG,train
DSC02267.JPG,train
DSC02269.JPG,train
DSC02277.JPG,train
DSC02281.JPG,train
DSC02285.JPG,train
DSC02293.JPG,train
DSC02295.JPG,train
DSC02303.JPG,train
DSC02305.JPG,train
DSC02307.JPG,train
DSC02311.JPG,train
DSC02327.JPG,train
DSC02337.JPG,train
DSC02347.JPG,train
DSC02377.JPG,train
DSC02381.JPG,train
DSC02405.JPG,train
DSC02420.JPG,train
DSC02426.JPG,train
DSC00545.JPG,val
DSC00549.JPG,val
DSC00559.JPG,val
DSC00569.JPG,val
DSC00572.JPG,val
DSC00573.JPG,val
DSC00590.JPG,val
DSC00602.JPG,val
DSC00612.JPG,val
DSC00621.JPG,val
DSC00660.JPG,val
DSC00672.JPG,val
DSC00692.JPG,val
DSC00700.JPG,val
DSC00716.JPG,val
DSC00727.JPG,val
DSC00746.JPG,val
DSC00754.JPG,val
DSC00819.JPG,val
DSC00829.JPG,val
DSC00843.JPG,val
DSC00851.JPG,val
DSC00875.JPG,val
DSC00897.JPG,val
DSC00903.JPG,val
DSC00909.JPG,val
DSC00919.JPG,val
DSC00923.JPG,val
DSC00933.JPG,val
DSC00945.JPG,val
DSC00952.JPG,val
DSC00968.JPG,val
DSC00978.JPG,val
DSC00980.JPG,val
DSC00986.JPG,val
DSC00998.JPG,val
DSC01028.JPG,val
DSC01039.JPG,val
DSC01080.JPG,val
DSC01090.JPG,val
DSC01102.JPG,val
DSC01103.JPG,val
DSC01104.JPG,val
DSC01105.JPG,val
DSC01169.JPG,val
DSC01186.JPG,val
DSC01200.JPG,val
DSC01208.JPG,val
DSC01250.JPG,val
DSC01263.JPG,val
DSC01300.JPG,val
DSC01304.JPG,val
DSC01316.JPG,val
DSC01322.JPG,val
DSC01348.JPG,val
DSC01354.JPG,val
DSC01358.JPG,val
DSC01387.JPG,val
DSC01391.JPG,val
DSC01395.JPG,val
DSC01416.JPG,val
DSC01417.JPG,val
DSC01422.JPG,val
DSC01432.JPG,val
DSC01434.JPG,val
DSC01536.JPG,val
DSC01540.JPG,val
DSC01569.JPG,val
DSC01577.JPG,val
DSC01587.JPG,val
DSC01603.JPG,val
DSC01614.JPG,val
DSC01648.JPG,val
DSC01652.JPG,val
DSC01674.JPG,val
DSC01676.JPG,val
DSC01690.JPG,val
DSC01692.JPG,val
DSC01714.JPG,val
DSC01718.JPG,val
DSC01728.JPG,val
DSC01752.JPG,val
DSC01790.JPG,val
DSC01792.JPG,val
DSC01834.JPG,val
DSC01846.JPG,val
DSC01852.JPG,val
DSC01862.JPG,val
DSC01868.JPG,val
DSC01884.JPG,val
DSC01897.JPG,val
DSC01909.JPG,val
DSC01930.JPG,val
DSC01936.JPG,val
DSC01957.JPG,val
DSC01959.JPG,val
DSC01967.JPG,val
DSC02046.JPG,val
DSC02078.JPG,val
DSC02086.JPG,val
DSC02098.JPG,val
DSC02104.JPG,val
DSC02115.JPG,val
DSC02149.JPG,val
DSC02159.JPG,val
DSC02174.JPG,val
DSC02180.JPG,val
DSC02255.JPG,val
DSC02291.JPG,val
DSC02319.JPG,val
DSC00561.JPG,test
DSC00563.JPG,test
DSC00588.JPG,test
DSC00616.JPG,test
DSC00623.JPG,test
DSC00627.JPG,test
DSC00629.JPG,test
DSC00633.JPG,test
DSC00641.JPG,test
DSC00656.JPG,test
DSC00670.JPG,test
DSC00698.JPG,test
DSC00719.JPG,test
DSC00756.JPG,test
DSC00774.JPG,test
DSC00780.JPG,test
DSC00782.JPG,test
DSC00791.JPG,test
DSC00807.JPG,test
DSC00823.JPG,test
DSC00839.JPG,test
DSC00841.JPG,test
DSC00847.JPG,test
DSC00857.JPG,test
DSC00865.JPG,test
DSC00872.JPG,test
DSC00891.JPG,test
DSC00929.JPG,test
DSC00931.JPG,test
DSC00935.JPG,test
DSC00954.JPG,test
DSC00972.JPG,test
DSC01010.JPG,test
DSC01017.JPG,test
DSC01037.JPG,test
DSC01065.JPG,test
DSC01086.JPG,test
DSC01088.JPG,test
DSC01106.JPG,test
DSC01108.JPG,test
DSC01159.JPG,test
DSC01163.JPG,test
DSC01165.JPG,test
DSC01188.JPG,test
DSC01214.JPG,test
DSC01218.JPG,test
DSC01224.JPG,test
DSC01226.JPG,test
DSC01234.JPG,test
DSC01248.JPG,test
DSC01287.JPG,test
DSC01302.JPG,test
DSC01308.JPG,test
DSC01310.JPG,test
DSC01331.JPG,test
DSC01364.JPG,test
DSC01378.JPG,test
DSC01385.JPG,test
DSC01398.JPG,test
DSC01420.JPG,test
DSC01424.JPG,test
DSC01428.JPG,test
DSC01436.JPG,test
DSC01456.JPG,test
DSC01563.JPG,test
DSC01581.JPG,test
DSC01583.JPG,test
DSC01619.JPG,test
DSC01622.JPG,test
DSC01637.JPG,test
DSC01642.JPG,test
DSC01654.JPG,test
DSC01662.JPG,test
DSC01668.JPG,test
DSC01704.JPG,test
DSC01706.JPG,test
DSC01724.JPG,test
DSC01737.JPG,test
DSC01757.JPG,test
DSC01759.JPG,test
DSC01763.JPG,test
DSC01767.JPG,test
DSC01769.JPG,test
DSC01772.JPG,test
DSC01784.JPG,test
DSC01824.JPG,test
DSC01830.JPG,test
DSC01842.JPG,test
DSC01874.JPG,test
DSC01880.JPG,test
DSC01913.JPG,test
DSC01919.JPG,test
DSC01923.JPG,test
DSC01969.JPG,test
DSC01971.JPG,test
DSC01985.JPG,test
DSC01987.JPG,test
DSC01995.JPG,test
DSC02003.JPG,test
DSC02028.JPG,test
DSC02048.JPG,test
DSC02064.JPG,test
DSC02117.JPG,test
DSC02251.JPG,test
DSC02263.JPG,test
DSC02287.JPG,test
DSC02289.JPG,test
DSC02313.JPG,test
DSC02331.JPG,test
DSC02353.JPG,test
